time_s,raw_v,filtered_v,baseline_v,net_absorbance_v
0.04,0.499,0.498,0.498,0.000
0.10,0.499,0.498,0.498,0.000
0.13,0.494,0.497,0.498,-0.001
0.17,0.494,0.496,0.498,-0.002
0.22,0.494,0.496,0.498,-0.002
0.25,0.508,0.498,0.498,0.000
0.31,0.499,0.498,0.498,0.000
0.35,0.494,0.497,0.498,-0.001
0.39,0.484,0.495,0.498,-0.003
0.43,0.508,0.497,0.498,-0.001
0.47,0.484,0.495,0.498,-0.003
0.52,0.494,0.495,0.498,-0.003
0.56,0.503,0.496,0.498,-0.002
0.61,0.503,0.498,0.498,0.000
0.65,0.499,0.498,0.498,0.000
0.69,0.499,0.498,0.498,0.000
0.74,0.508,0.500,0.498,0.002
0.78,0.499,0.500,0.498,0.002
0.82,0.489,0.498,0.498,0.000
0.86,0.499,0.498,0.498,0.000
0.90,0.489,0.496,0.498,-0.002
0.95,0.494,0.495,0.498,-0.003
1.00,0.503,0.497,0.498,-0.001
1.03,0.489,0.495,0.498,-0.003
1.08,0.499,0.496,0.498,-0.002
1.12,0.503,0.498,0.498,0.000
1.17,0.489,0.496,0.498,-0.002
1.21,0.489,0.494,0.498,-0.004
1.25,0.484,0.492,0.498,-0.006
1.29,0.503,0.494,0.498,-0.004
1.33,0.503,0.496,0.498,-0.002
1.38,0.494,0.496,0.498,-0.002
1.42,0.499,0.496,0.498,-0.002
1.47,0.499,0.497,0.498,-0.001
1.50,0.489,0.495,0.498,-0.003
1.54,0.499,0.496,0.498,-0.002
1.60,0.489,0.494,0.498,-0.004
1.64,0.494,0.494,0.498,-0.004
1.68,0.508,0.497,0.498,-0.001
1.72,0.489,0.495,0.498,-0.003
1.76,0.494,0.495,0.498,-0.003
1.82,0.503,0.497,0.498,-0.001
1.86,0.508,0.499,0.498,0.001
1.90,0.484,0.496,0.498,-0.002
1.93,0.494,0.496,0.498,-0.002
1.98,0.499,0.496,0.498,-0.002
2.03,0.489,0.495,0.498,-0.003
2.07,0.513,0.498,0.498,0.000
2.11,0.499,0.498,0.498,0.000
2.15,0.499,0.498,0.498,0.000
2.19,0.494,0.497,0.498,-0.001
2.25,0.499,0.498,0.498,0.000
2.29,0.494,0.497,0.498,-0.001
2.33,0.484,0.494,0.498,-0.004
2.37,0.508,0.497,0.498,-0.001
2.41,0.499,0.497,0.498,-0.001
2.46,0.499,0.498,0.498,0.000
2.50,0.508,0.500,0.498,0.002
2.54,0.503,0.500,0.498,0.002
2.58,0.494,0.499,0.498,0.001
2.62,0.484,0.496,0.498,-0.002
2.68,0.494,0.496,0.498,-0.002
2.72,0.489,0.494,0.498,-0.004
2.76,0.484,0.492,0.498,-0.006
2.80,0.503,0.494,0.498,-0.004
2.84,0.494,0.494,0.498,-0.004
2.89,0.499,0.495,0.498,-0.003
2.93,0.494,0.495,0.498,-0.003
2.97,0.513,0.498,0.498,0.000
3.01,0.508,0.500,0.498,0.002
3.05,0.494,0.499,0.498,0.001
3.11,0.503,0.500,0.498,0.002
3.15,0.508,0.502,0.498,0.004
3.19,0.494,0.500,0.498,0.002
3.23,0.499,0.500,0.498,0.002
3.27,0.494,0.499,0.498,0.001
3.33,0.508,0.500,0.498,0.002
3.37,0.489,0.498,0.498,0.000
3.41,0.499,0.498,0.498,0.000
3.45,0.499,0.498,0.498,0.000
3.49,0.503,0.499,0.498,0.001
3.54,0.489,0.497,0.498,-0.001
3.58,0.494,0.496,0.498,-0.002
3.62,0.503,0.498,0.498,0.000
3.66,0.499,0.498,0.498,0.000
3.70,0.508,0.500,0.498,0.002
3.76,0.489,0.498,0.498,0.000
3.80,0.518,0.502,0.498,0.004
3.84,0.503,0.502,0.498,0.004
3.88,0.508,0.503,0.498,0.005
3.92,0.508,0.504,0.498,0.006
3.97,0.508,0.505,0.498,0.007
4.01,0.494,0.503,0.498,0.005
4.05,0.503,0.503,0.498,0.005
4.09,0.499,0.502,0.498,0.004
4.13,0.499,0.501,0.498,0.003
4.19,0.508,0.503,0.498,0.005
4.23,0.518,0.506,0.498,0.008
4.26,0.494,0.503,0.498,0.005
4.30,0.494,0.501,0.498,0.003
4.34,0.513,0.504,0.498,0.006
4.40,0.494,0.502,0.498,0.004
4.44,0.499,0.501,0.498,0.003
4.48,0.503,0.502,0.498,0.004
4.52,0.499,0.501,0.498,0.003
4.56,0.503,0.501,0.498,0.003
4.61,0.489,0.499,0.498,0.001
4.66,0.499,0.499,0.498,0.001
4.70,0.499,0.499,0.498,0.001
4.74,0.508,0.501,0.498,0.003
4.78,0.513,0.503,0.498,0.005
4.83,0.503,0.503,0.498,0.005
4.87,0.499,0.502,0.498,0.004
4.91,0.494,0.501,0.498,0.003
4.95,0.489,0.498,0.498,0.000
4.99,0.484,0.495,0.498,-0.003
5.05,0.503,0.497,0.498,-0.001
5.09,0.499,0.497,0.498,-0.001
5.13,0.513,0.500,0.498,0.002
5.17,0.508,0.502,0.498,0.004
5.21,0.508,0.503,0.498,0.005
5.26,0.503,0.503,0.498,0.005
5.30,0.494,0.501,0.498,0.003
5.34,0.494,0.500,0.498,0.002
5.38,0.503,0.501,0.498,0.003
5.42,0.503,0.501,0.498,0.003
5.48,0.503,0.502,0.498,0.004
5.51,0.503,0.502,0.498,0.004
5.55,0.494,0.500,0.498,0.002
5.59,0.474,0.495,0.498,-0.003
5.64,0.503,0.497,0.498,-0.001
5.69,0.503,0.498,0.498,0.000
5.73,0.513,0.501,0.498,0.003
5.77,0.508,0.503,0.498,0.005
5.81,0.508,0.504,0.498,0.006
5.85,0.503,0.504,0.498,0.006
5.91,0.508,0.505,0.498,0.007
5.95,0.489,0.501,0.498,0.003
5.99,0.503,0.502,0.498,0.004
6.03,0.494,0.500,0.498,0.002
6.07,0.508,0.502,0.498,0.004
6.12,0.494,0.500,0.498,0.002
6.16,0.499,0.500,0.498,0.002
6.20,0.499,0.500,0.498,0.002
6.24,0.494,0.498,0.498,0.000
6.28,0.508,0.500,0.498,0.002
6.34,0.499,0.500,0.498,0.002
6.38,0.499,0.500,0.498,0.002
6.42,0.508,0.501,0.498,0.003
6.46,0.499,0.501,0.498,0.003
6.50,0.513,0.503,0.498,0.005
6.55,0.513,0.505,0.498,0.007
6.59,0.508,0.506,0.498,0.008
6.63,0.503,0.505,0.498,0.007
6.67,0.494,0.503,0.498,0.005
6.71,0.494,0.501,0.498,0.003
6.76,0.503,0.502,0.498,0.004
6.80,0.503,0.502,0.498,0.004
6.84,0.513,0.504,0.498,0.006
6.89,0.494,0.502,0.498,0.004
6.93,0.494,0.500,0.498,0.002
6.98,0.503,0.501,0.498,0.003
7.02,0.508,0.502,0.498,0.004
7.06,0.499,0.502,0.498,0.004
7.10,0.499,0.501,0.498,0.003
7.14,0.494,0.500,0.498,0.002
7.20,0.503,0.500,0.498,0.002
7.24,0.508,0.502,0.498,0.004
7.28,0.508,0.503,0.498,0.005
7.32,0.499,0.502,0.498,0.004
7.36,0.484,0.499,0.498,0.001
7.41,0.499,0.499,0.498,0.001
7.45,0.503,0.500,0.498,0.002
7.49,0.518,0.503,0.498,0.005
7.53,0.513,0.505,0.498,0.007
7.57,0.503,0.505,0.498,0.007
7.63,0.508,0.506,0.498,0.008
7.67,0.513,0.507,0.498,0.009
7.71,0.503,0.506,0.498,0.008
7.75,0.513,0.508,0.498,0.010
7.79,0.513,0.509,0.498,0.011
7.84,0.518,0.511,0.498,0.013
7.88,0.503,0.509,0.498,0.011
7.92,0.508,0.509,0.498,0.011
7.96,0.513,0.510,0.498,0.012
8.00,0.499,0.508,0.498,0.010
8.06,0.508,0.508,0.498,0.010
8.10,0.494,0.505,0.498,0.007
8.14,0.518,0.508,0.498,0.010
8.18,0.508,0.508,0.498,0.010
8.22,0.513,0.509,0.498,0.011
8.27,0.518,0.511,0.498,0.013
8.31,0.528,0.514,0.498,0.016
8.35,0.523,0.516,0.498,0.018
8.40,0.518,0.516,0.498,0.018
8.44,0.528,0.519,0.498,0.021
8.49,0.518,0.519,0.498,0.021
8.53,0.533,0.521,0.498,0.023
8.57,0.543,0.526,0.498,0.028
8.61,0.552,0.531,0.498,0.033
8.65,0.528,0.530,0.498,0.032
8.71,0.533,0.531,0.498,0.033
8.75,0.552,0.535,0.498,0.037
8.78,0.557,0.540,0.498,0.042
8.82,0.543,0.540,0.498,0.042
8.86,0.572,0.546,0.498,0.048
8.92,0.572,0.552,0.498,0.054
8.96,0.572,0.556,0.498,0.058
9.00,0.591,0.563,0.498,0.065
9.04,0.601,0.570,0.498,0.072
9.08,0.587,0.574,0.498,0.076
9.14,0.626,0.584,0.498,0.086
9.18,0.621,0.591,0.498,0.093
9.22,0.626,0.598,0.498,0.100
9.26,0.640,0.607,0.498,0.109
9.30,0.645,0.614,0.498,0.116
9.36,0.674,0.626,0.498,0.128
9.40,0.684,0.638,0.498,0.140
9.44,0.689,0.648,0.498,0.150
9.48,0.723,0.663,0.498,0.165
9.52,0.714,0.673,0.498,0.175
9.58,0.748,0.688,0.498,0.190
9.62,0.753,0.701,0.498,0.203
9.66,0.772,0.715,0.498,0.217
9.70,0.802,0.733,0.498,0.235
9.74,0.826,0.751,0.498,0.253
9.80,0.836,0.768,0.498,0.270
9.84,0.865,0.788,0.498,0.290
9.88,0.899,0.810,0.498,0.312
9.92,0.919,0.832,0.498,0.334
9.96,0.943,0.854,0.498,0.356
10.02,0.982,0.880,0.498,0.382
10.06,1.002,0.904,0.498,0.406
10.10,1.022,0.928,0.498,0.430
10.14,1.056,0.953,0.498,0.455
10.18,1.095,0.982,0.498,0.484
10.24,1.134,1.012,0.498,0.514
10.28,1.149,1.039,0.498,0.541
10.32,1.193,1.070,0.498,0.572
10.36,1.222,1.100,0.498,0.602
10.40,1.251,1.131,0.498,0.633
10.46,1.305,1.165,0.498,0.667
10.50,1.349,1.202,0.498,0.704
10.54,1.388,1.239,0.498,0.741
10.58,1.413,1.274,0.498,0.776
10.62,1.457,1.310,0.498,0.812
10.69,1.510,1.350,0.498,0.852
10.73,1.540,1.388,0.498,0.890
10.77,1.579,1.426,0.498,0.928
10.81,1.618,1.465,0.498,0.967
10.85,1.657,1.503,0.498,1.005
10.91,1.701,1.543,0.498,1.045
10.95,1.735,1.581,0.498,1.083
10.99,1.784,1.622,0.498,1.124
11.03,1.818,1.661,0.498,1.163
11.07,1.848,1.698,0.498,1.200
11.13,1.906,1.740,0.498,1.242
11.17,1.931,1.778,0.498,1.280
11.21,1.960,1.814,0.498,1.316
11.25,2.004,1.852,0.498,1.354
11.29,2.033,1.888,0.498,1.390
11.35,2.077,1.926,0.498,1.428
11.39,2.102,1.961,0.498,1.463
11.43,2.121,1.993,0.498,1.495
11.47,2.141,2.023,0.498,1.525
11.51,2.165,2.051,0.498,1.553
11.57,2.195,2.080,0.498,1.582
11.61,2.229,2.110,0.498,1.612
11.65,2.248,2.137,0.498,1.639
11.69,2.258,2.162,0.498,1.664
11.73,2.268,2.183,0.498,1.685
11.80,2.287,2.204,0.498,1.706
11.84,2.292,2.221,0.498,1.723
11.88,2.278,2.233,0.498,1.735
11.92,2.312,2.248,0.498,1.750
11.96,2.302,2.259,0.498,1.761
12.02,2.307,2.269,0.498,1.771
12.06,2.302,2.275,0.498,1.777
12.10,2.297,2.280,0.498,1.782
12.14,2.292,2.282,0.498,1.784
12.18,2.283,2.282,0.498,1.784
12.24,2.263,2.278,0.498,1.780
12.28,2.253,2.273,0.498,1.775
12.32,2.214,2.262,0.498,1.764
12.36,2.204,2.250,0.498,1.752
12.40,2.219,2.244,0.498,1.746
12.47,2.155,2.226,0.498,1.728
12.51,2.141,2.209,0.498,1.711
12.55,2.111,2.190,0.498,1.692
12.59,2.072,2.166,0.498,1.668
12.63,2.043,2.141,0.498,1.643
12.69,2.019,2.117,0.498,1.619
12.73,1.979,2.089,0.498,1.591
12.77,1.979,2.067,0.498,1.569
12.81,1.926,2.039,0.498,1.541
12.85,1.891,2.010,0.498,1.512
12.91,1.857,1.979,0.498,1.481
12.95,1.818,1.947,0.498,1.449
12.99,1.784,1.914,0.498,1.416
13.03,1.730,1.878,0.498,1.380
13.07,1.716,1.845,0.498,1.347
13.13,1.652,1.806,0.498,1.308
13.17,1.628,1.771,0.498,1.273
13.21,1.569,1.730,0.498,1.232
13.25,1.535,1.691,0.498,1.193
13.29,1.496,1.652,0.498,1.154
13.35,1.447,1.611,0.498,1.113
13.40,1.413,1.571,0.498,1.073
13.44,1.373,1.532,0.498,1.034
13.48,1.344,1.494,0.498,0.996
13.52,1.295,1.454,0.498,0.956
13.58,1.246,1.413,0.498,0.915
13.62,1.217,1.374,0.498,0.876
13.66,1.183,1.335,0.498,0.837
13.70,1.158,1.300,0.498,0.802
13.74,1.129,1.266,0.498,0.768
13.80,1.085,1.230,0.498,0.732
13.84,1.051,1.194,0.498,0.696
13.88,1.017,1.158,0.498,0.660
13.92,0.997,1.126,0.498,0.628
13.96,0.968,1.094,0.498,0.596
14.02,0.938,1.063,0.498,0.565
14.06,0.914,1.033,0.498,0.535
14.10,0.875,1.002,0.498,0.504
14.14,0.855,0.972,0.498,0.474
14.18,0.846,0.947,0.498,0.449
14.24,0.806,0.919,0.498,0.421
14.28,0.806,0.896,0.498,0.398
14.32,0.787,0.875,0.498,0.377
14.36,0.753,0.850,0.498,0.352
14.40,0.748,0.830,0.498,0.332
14.46,0.704,0.805,0.498,0.307
14.50,0.704,0.784,0.498,0.286
14.54,0.694,0.766,0.498,0.268
14.58,0.670,0.747,0.498,0.249
14.62,0.655,0.729,0.498,0.231
14.68,0.650,0.713,0.498,0.215
14.72,0.621,0.694,0.498,0.196
14.76,0.635,0.683,0.498,0.185
14.80,0.626,0.671,0.498,0.173
14.84,0.626,0.662,0.498,0.164
14.90,0.591,0.648,0.498,0.150
14.94,0.601,0.639,0.498,0.141
14.98,0.587,0.628,0.498,0.130
15.02,0.567,0.616,0.498,0.118
15.06,0.582,0.609,0.498,0.111
15.11,0.567,0.601,0.498,0.103
15.15,0.562,0.593,0.498,0.095
15.19,0.562,0.587,0.498,0.089
15.23,0.557,0.581,0.498,0.083
15.27,0.543,0.573,0.498,0.075
15.33,0.552,0.569,0.498,0.071
15.37,0.547,0.565,0.498,0.067
15.41,0.543,0.560,0.498,0.062
15.45,0.543,0.557,0.498,0.059
15.49,0.543,0.554,0.498,0.056
15.54,0.518,0.547,0.498,0.049
15.58,0.528,0.543,0.498,0.045
15.62,0.508,0.536,0.498,0.038
15.66,0.513,0.531,0.498,0.033
15.70,0.528,0.531,0.498,0.033
15.76,0.513,0.527,0.498,0.029
15.80,0.518,0.525,0.498,0.027
15.84,0.508,0.522,0.498,0.024
15.88,0.508,0.519,0.498,0.021
15.92,0.513,0.518,0.498,0.020
15.97,0.508,0.516,0.498,0.018
16.01,0.503,0.514,0.498,0.016
16.05,0.528,0.516,0.498,0.018
16.09,0.503,0.514,0.498,0.016
16.13,0.503,0.512,0.498,0.014
16.19,0.494,0.508,0.498,0.010
16.23,0.508,0.508,0.498,0.010
16.27,0.518,0.510,0.498,0.012
16.31,0.503,0.509,0.498,0.011
16.35,0.499,0.507,0.498,0.009
16.40,0.513,0.508,0.498,0.010
16.44,0.513,0.509,0.498,0.011
16.48,0.518,0.511,0.498,0.013
16.52,0.508,0.510,0.498,0.012
16.56,0.523,0.513,0.498,0.015
16.62,0.503,0.511,0.498,0.013
16.66,0.508,0.510,0.498,0.012
16.70,0.508,0.510,0.498,0.012
16.74,0.513,0.511,0.498,0.013
16.78,0.508,0.510,0.498,0.012
16.83,0.518,0.512,0.498,0.014
16.87,0.503,0.510,0.498,0.012
16.91,0.508,0.510,0.498,0.012
16.95,0.508,0.509,0.498,0.011
16.99,0.513,0.510,0.498,0.012
17.05,0.508,0.510,0.498,0.012
17.09,0.518,0.511,0.498,0.013
17.13,0.499,0.509,0.498,0.011
17.17,0.503,0.508,0.498,0.010
17.21,0.508,0.508,0.498,0.010
17.26,0.508,0.508,0.498,0.010
17.30,0.508,0.508,0.498,0.010
17.34,0.508,0.508,0.498,0.010
17.38,0.503,0.507,0.498,0.009
17.42,0.503,0.506,0.498,0.008
17.48,0.499,0.505,0.498,0.007
17.52,0.513,0.507,0.498,0.009
17.56,0.508,0.507,0.498,0.009
17.60,0.503,0.506,0.498,0.008
17.64,0.508,0.507,0.498,0.009
17.70,0.508,0.507,0.498,0.009
17.74,0.508,0.507,0.498,0.009
17.78,0.518,0.509,0.498,0.011
17.82,0.513,0.510,0.498,0.012
17.86,0.503,0.509,0.498,0.011
17.91,0.503,0.508,0.498,0.010
17.95,0.513,0.509,0.498,0.011
17.99,0.503,0.508,0.498,0.010
18.03,0.503,0.507,0.498,0.009
18.07,0.508,0.507,0.498,0.009
18.13,0.508,0.507,0.498,0.009
18.17,0.513,0.509,0.498,0.011
18.21,0.503,0.508,0.498,0.010
18.25,0.523,0.511,0.498,0.013
18.29,0.513,0.511,0.498,0.013
18.34,0.499,0.509,0.498,0.011
18.38,0.499,0.507,0.498,0.009
18.42,0.508,0.507,0.498,0.009
18.46,0.513,0.508,0.498,0.010
18.50,0.513,0.509,0.498,0.011
18.56,0.508,0.509,0.498,0.011
18.60,0.499,0.507,0.498,0.009
18.64,0.513,0.508,0.498,0.010
18.68,0.518,0.510,0.498,0.012
18.72,0.503,0.509,0.498,0.011
18.77,0.508,0.509,0.498,0.011
18.81,0.513,0.510,0.498,0.012
18.85,0.518,0.511,0.498,0.013
18.89,0.518,0.513,0.498,0.015
18.93,0.528,0.516,0.498,0.018
18.99,0.513,0.515,0.498,0.017
19.03,0.523,0.517,0.498,0.019
19.07,0.533,0.520,0.498,0.022
19.11,0.518,0.520,0.498,0.022
19.15,0.523,0.520,0.498,0.022
19.20,0.513,0.519,0.498,0.021
19.24,0.513,0.518,0.498,0.020
19.28,0.528,0.520,0.498,0.022
19.32,0.528,0.521,0.498,0.023
19.36,0.523,0.522,0.498,0.024
19.42,0.543,0.526,0.498,0.028
19.46,0.523,0.525,0.498,0.027
19.50,0.547,0.530,0.498,0.032
19.54,0.538,0.531,0.498,0.033
19.58,0.528,0.531,0.498,0.033
19.63,0.538,0.532,0.498,0.034
19.67,0.533,0.532,0.498,0.034
19.71,0.557,0.537,0.498,0.039
19.75,0.533,0.536,0.498,0.038
19.79,0.547,0.539,0.498,0.041
19.85,0.562,0.543,0.498,0.045
19.89,0.547,0.544,0.498,0.046
19.93,0.552,0.546,0.498,0.048
19.97,0.552,0.547,0.498,0.049
20.01,0.562,0.550,0.498,0.052
20.06,0.567,0.553,0.498,0.055
20.10,0.572,0.557,0.498,0.059
20.14,0.562,0.558,0.498,0.060
20.18,0.572,0.561,0.498,0.063
20.22,0.572,0.563,0.498,0.065
20.28,0.582,0.567,0.498,0.069
20.32,0.601,0.574,0.498,0.076
20.36,0.601,0.579,0.498,0.081
20.40,0.601,0.584,0.498,0.086
20.44,0.606,0.588,0.498,0.090
20.50,0.616,0.594,0.498,0.096
20.54,0.621,0.599,0.498,0.101
20.58,0.630,0.605,0.498,0.107
20.62,0.626,0.609,0.498,0.111
20.66,0.645,0.617,0.498,0.119
20.72,0.640,0.621,0.498,0.123
20.76,0.660,0.629,0.498,0.131
20.80,0.665,0.636,0.498,0.138
20.84,0.684,0.646,0.498,0.148
20.88,0.694,0.655,0.498,0.157
20.94,0.709,0.666,0.498,0.168
20.98,0.714,0.676,0.498,0.178
21.02,0.723,0.685,0.498,0.187
21.06,0.733,0.695,0.498,0.197
21.10,0.743,0.704,0.498,0.206
21.17,0.758,0.715,0.498,0.217
21.21,0.782,0.728,0.498,0.230
21.25,0.787,0.740,0.498,0.242
21.29,0.782,0.748,0.498,0.250
21.33,0.806,0.760,0.498,0.262
21.39,0.831,0.774,0.498,0.276
21.43,0.850,0.789,0.498,0.291
21.47,0.865,0.805,0.498,0.307
21.51,0.875,0.819,0.498,0.321
21.55,0.894,0.834,0.498,0.336
21.61,0.909,0.849,0.498,0.351
21.65,0.938,0.867,0.498,0.369
21.69,0.953,0.884,0.498,0.386
21.73,0.982,0.904,0.498,0.406
21.77,1.002,0.923,0.498,0.425
21.83,1.026,0.944,0.498,0.446
21.87,1.046,0.964,0.498,0.466
21.91,1.061,0.984,0.498,0.486
21.95,1.095,1.006,0.498,0.508
21.99,1.109,1.027,0.498,0.529
22.05,1.134,1.048,0.498,0.550
22.09,1.153,1.069,0.498,0.571
22.13,1.193,1.094,0.498,0.596
22.17,1.212,1.117,0.498,0.619
22.21,1.241,1.142,0.498,0.644
22.27,1.281,1.170,0.498,0.672
22.31,1.315,1.199,0.498,0.701
22.35,1.325,1.224,0.498,0.726
22.39,1.378,1.255,0.498,0.757
22.43,1.393,1.282,0.498,0.784
22.50,1.442,1.314,0.498,0.816
22.53,1.471,1.346,0.498,0.848
22.57,1.486,1.374,0.498,0.876
22.61,1.510,1.401,0.498,0.903
22.65,1.540,1.429,0.498,0.931
22.72,1.593,1.462,0.498,0.964
22.76,1.637,1.497,0.498,0.999
22.80,1.662,1.530,0.498,1.032
22.84,1.676,1.559,0.498,1.061
22.88,1.725,1.592,0.498,1.094
22.94,1.779,1.630,0.498,1.132
22.98,1.799,1.663,0.498,1.165
23.02,1.838,1.698,0.498,1.200
23.06,1.877,1.734,0.498,1.236
23.10,1.901,1.767,0.498,1.269
23.16,1.950,1.804,0.498,1.306
23.20,1.960,1.835,0.498,1.337
23.24,1.994,1.867,0.498,1.369
23.28,2.048,1.903,0.498,1.405
23.32,2.063,1.935,0.498,1.437
23.38,2.126,1.973,0.498,1.475
23.42,2.180,2.015,0.498,1.517
23.46,2.185,2.049,0.498,1.551
23.50,2.239,2.087,0.498,1.589
23.54,2.263,2.122,0.498,1.624
23.61,2.297,2.157,0.498,1.659
23.65,2.331,2.192,0.498,1.694
23.69,2.351,2.224,0.498,1.726
23.73,2.395,2.258,0.498,1.760
23.77,2.424,2.291,0.498,1.793
23.83,2.468,2.327,0.498,1.829
23.87,2.498,2.361,0.498,1.863
23.91,2.522,2.393,0.498,1.895
23.95,2.542,2.423,0.498,1.925
23.99,2.566,2.451,0.498,1.953
24.05,2.600,2.481,0.498,1.983
24.09,2.639,2.513,0.498,2.015
24.13,2.659,2.542,0.498,2.044
24.17,2.678,2.569,0.498,2.071
24.21,2.688,2.593,0.498,2.095
24.27,2.737,2.622,0.498,2.124
24.31,2.747,2.647,0.498,2.149
24.35,2.757,2.669,0.498,2.171
24.39,2.791,2.693,0.498,2.195
24.43,2.801,2.715,0.498,2.217
24.50,2.845,2.741,0.498,2.243
24.54,2.830,2.759,0.498,2.261
24.58,2.869,2.781,0.498,2.283
24.62,2.874,2.799,0.498,2.301
24.66,2.859,2.811,0.498,2.313
24.72,2.884,2.826,0.498,2.328
24.76,2.898,2.840,0.498,2.342
24.80,2.908,2.854,0.498,2.356
24.84,2.908,2.865,0.498,2.367
24.88,2.903,2.872,0.498,2.374
24.94,2.908,2.880,0.498,2.382
24.98,2.913,2.886,0.498,2.388
25.02,2.913,2.892,0.498,2.394
25.06,2.913,2.896,0.498,2.398
25.10,2.928,2.902,0.498,2.404
25.16,2.903,2.902,0.498,2.404
25.20,2.889,2.900,0.498,2.402
25.24,2.898,2.899,0.498,2.401
25.28,2.869,2.893,0.498,2.395
25.32,2.864,2.887,0.498,2.389
25.39,2.849,2.880,0.498,2.382
25.43,2.845,2.873,0.498,2.375
25.47,2.835,2.865,0.498,2.367
25.51,2.810,2.854,0.498,2.356
25.55,2.786,2.841,0.498,2.343
25.61,2.781,2.829,0.498,2.331
25.65,2.761,2.815,0.498,2.317
25.69,2.742,2.801,0.498,2.303
25.73,2.713,2.783,0.498,2.285
25.77,2.703,2.767,0.498,2.269
25.83,2.678,2.749,0.498,2.251
25.87,2.615,2.722,0.498,2.224
25.91,2.615,2.701,0.498,2.203
25.95,2.586,2.678,0.498,2.180
25.99,2.576,2.657,0.498,2.159
26.05,2.527,2.631,0.498,2.133
26.09,2.498,2.605,0.498,2.107
26.13,2.468,2.577,0.498,2.079
26.17,2.429,2.548,0.498,2.050
26.21,2.419,2.522,0.498,2.024
26.28,2.361,2.490,0.498,1.992
26.32,2.341,2.460,0.498,1.962
26.36,2.292,2.426,0.498,1.928
26.40,2.268,2.395,0.498,1.897
26.44,2.239,2.363,0.498,1.865
26.50,2.199,2.331,0.498,1.833
26.54,2.165,2.298,0.498,1.800
26.58,2.136,2.265,0.498,1.767
26.62,2.097,2.232,0.498,1.734
26.66,2.072,2.200,0.498,1.702
26.72,2.014,2.163,0.498,1.665
26.76,1.989,2.128,0.498,1.630
26.80,1.945,2.091,0.498,1.593
26.84,1.935,2.060,0.498,1.562
26.88,1.896,2.027,0.498,1.529
26.94,1.857,1.993,0.498,1.495
26.98,1.804,1.955,0.498,1.457
27.02,1.779,1.920,0.498,1.422
27.06,1.735,1.883,0.498,1.385
27.10,1.711,1.849,0.498,1.351
27.17,1.657,1.810,0.498,1.312
27.21,1.642,1.777,0.498,1.279
27.25,1.603,1.742,0.498,1.244
27.29,1.569,1.707,0.498,1.209
27.33,1.549,1.676,0.498,1.178
27.39,1.491,1.639,0.498,1.141
27.43,1.466,1.604,0.498,1.106
27.47,1.437,1.571,0.498,1.073
27.51,1.417,1.540,0.498,1.042
27.55,1.378,1.508,0.498,1.010
27.61,1.334,1.473,0.498,0.975
27.65,1.315,1.441,0.498,0.943
27.69,1.300,1.413,0.498,0.915
27.73,1.271,1.385,0.498,0.887
27.77,1.246,1.357,0.498,0.859
27.83,1.207,1.327,0.498,0.829
27.87,1.183,1.298,0.498,0.800
27.91,1.149,1.268,0.498,0.770
27.95,1.134,1.241,0.498,0.743
27.99,1.105,1.214,0.498,0.716
28.05,1.085,1.188,0.498,0.690
28.09,1.056,1.162,0.498,0.664
28.13,1.056,1.141,0.498,0.643
28.17,1.017,1.116,0.498,0.618
28.21,0.987,1.090,0.498,0.592
28.27,0.958,1.064,0.498,0.566
28.31,0.943,1.040,0.498,0.542
28.35,0.924,1.016,0.498,0.518
28.39,0.924,0.998,0.498,0.500
28.43,0.904,0.979,0.498,0.481
28.50,0.865,0.956,0.498,0.458
28.54,0.850,0.935,0.498,0.437
28.58,0.836,0.915,0.498,0.417
28.62,0.802,0.893,0.498,0.395
28.66,0.821,0.878,0.498,0.380
28.72,0.777,0.858,0.498,0.360
28.76,0.777,0.842,0.498,0.344
28.80,0.772,0.828,0.498,0.330
28.84,0.767,0.816,0.498,0.318
28.88,0.743,0.801,0.498,0.303
28.94,0.733,0.788,0.498,0.290
28.98,0.718,0.774,0.498,0.276
29.02,0.714,0.762,0.498,0.264
29.06,0.714,0.752,0.498,0.254
29.10,0.689,0.740,0.498,0.242
29.15,0.679,0.727,0.498,0.229
29.19,0.660,0.714,0.498,0.216
29.23,0.660,0.703,0.498,0.205
29.27,0.660,0.694,0.498,0.196
29.31,0.645,0.685,0.498,0.187
29.37,0.645,0.677,0.498,0.179
29.41,0.645,0.670,0.498,0.172
29.45,0.630,0.662,0.498,0.164
29.49,0.621,0.654,0.498,0.156
29.53,0.601,0.644,0.498,0.146
29.58,0.601,0.635,0.498,0.137
29.62,0.611,0.630,0.498,0.132
29.66,0.596,0.623,0.498,0.125
29.70,0.596,0.618,0.498,0.120
29.74,0.582,0.611,0.498,0.113
29.80,0.577,0.604,0.498,0.106
29.84,0.562,0.596,0.498,0.098
29.88,0.577,0.592,0.498,0.094
29.92,0.557,0.585,0.498,0.087
29.96,0.567,0.581,0.498,0.083
30.01,0.572,0.579,0.498,0.081
30.05,0.552,0.574,0.498,0.076
30.09,0.572,0.574,0.498,0.076
30.13,0.552,0.569,0.498,0.071
30.17,0.543,0.564,0.498,0.066
30.23,0.552,0.562,0.498,0.064
30.27,0.538,0.557,0.498,0.059
30.31,0.543,0.554,0.498,0.056
30.35,0.543,0.552,0.498,0.054
30.39,0.562,0.554,0.498,0.056
30.44,0.538,0.551,0.498,0.053
30.48,0.533,0.547,0.498,0.049
30.52,0.533,0.544,0.498,0.046
30.56,0.528,0.541,0.498,0.043
30.60,0.513,0.535,0.498,0.037
30.66,0.528,0.534,0.498,0.036
30.70,0.518,0.531,0.498,0.033
30.74,0.543,0.533,0.498,0.035
30.78,0.513,0.529,0.498,0.031
30.82,0.538,0.531,0.498,0.033
30.88,0.523,0.529,0.498,0.031
30.92,0.518,0.527,0.498,0.029
30.96,0.533,0.528,0.498,0.030
31.00,0.518,0.526,0.498,0.028
31.04,0.533,0.527,0.498,0.029
31.09,0.518,0.526,0.498,0.028
31.13,0.528,0.526,0.498,0.028
31.17,0.518,0.524,0.498,0.026
31.21,0.513,0.522,0.498,0.024
31.25,0.523,0.522,0.498,0.024
31.31,0.513,0.521,0.498,0.023
31.35,0.533,0.523,0.498,0.025
31.39,0.523,0.523,0.498,0.025
31.43,0.518,0.522,0.498,0.024
31.47,0.533,0.524,0.498,0.026
31.53,0.528,0.525,0.498,0.027
31.57,0.528,0.525,0.498,0.027
31.61,0.508,0.522,0.498,0.024
31.65,0.523,0.522,0.498,0.024
31.69,0.518,0.521,0.498,0.023
31.74,0.533,0.524,0.498,0.026
31.78,0.503,0.520,0.498,0.022
31.82,0.513,0.518,0.498,0.020
31.86,0.508,0.516,0.498,0.018
31.90,0.523,0.518,0.498,0.020
31.96,0.518,0.518,0.498,0.020
32.00,0.508,0.516,0.498,0.018
32.04,0.508,0.514,0.498,0.016
32.08,0.513,0.514,0.498,0.016
32.12,0.518,0.515,0.498,0.017
32.17,0.528,0.518,0.498,0.020
32.21,0.518,0.518,0.498,0.020
32.25,0.523,0.519,0.498,0.021
32.29,0.518,0.519,0.498,0.021
32.33,0.508,0.517,0.498,0.019
32.39,0.513,0.516,0.498,0.018
32.43,0.523,0.517,0.498,0.019
32.47,0.513,0.516,0.498,0.018
32.51,0.503,0.514,0.498,0.016
32.55,0.523,0.516,0.498,0.018
32.60,0.518,0.516,0.498,0.018
32.64,0.513,0.516,0.498,0.018
32.68,0.508,0.514,0.498,0.016
32.72,0.508,0.513,0.498,0.015
32.76,0.513,0.513,0.498,0.015
32.82,0.513,0.513,0.498,0.015
32.86,0.518,0.514,0.498,0.016
32.90,0.503,0.512,0.498,0.014
32.94,0.538,0.517,0.498,0.019
32.98,0.518,0.517,0.498,0.019
33.03,0.513,0.516,0.498,0.018
33.07,0.528,0.519,0.498,0.021
33.11,0.523,0.520,0.498,0.022
33.15,0.523,0.520,0.498,0.022
33.19,0.518,0.520,0.498,0.022
33.25,0.523,0.520,0.498,0.022
33.29,0.523,0.521,0.498,0.023
33.33,0.518,0.520,0.498,0.022
33.37,0.503,0.517,0.498,0.019
33.41,0.513,0.516,0.498,0.018
33.46,0.503,0.514,0.498,0.016
33.50,0.513,0.514,0.498,0.016
33.54,0.499,0.511,0.498,0.013
33.58,0.523,0.513,0.498,0.015
33.62,0.513,0.513,0.498,0.015
33.68,0.499,0.510,0.498,0.012
33.72,0.533,0.515,0.498,0.017
33.76,0.523,0.516,0.498,0.018
33.80,0.528,0.519,0.498,0.021
33.84,0.513,0.518,0.498,0.020
33.89,0.523,0.519,0.498,0.021
33.93,0.503,0.516,0.498,0.018
33.97,0.518,0.516,0.498,0.018
34.01,0.508,0.515,0.498,0.017
34.05,0.518,0.515,0.498,0.017
34.11,0.508,0.514,0.498,0.016
34.15,0.518,0.515,0.498,0.017
34.19,0.518,0.515,0.498,0.017
34.23,0.513,0.515,0.498,0.017
34.27,0.518,0.516,0.498,0.018
34.32,0.503,0.513,0.498,0.015
34.36,0.508,0.512,0.498,0.014
34.40,0.523,0.514,0.498,0.016
34.44,0.513,0.514,0.498,0.016
34.48,0.503,0.512,0.498,0.014
34.54,0.508,0.511,0.498,0.013
34.58,0.523,0.514,0.498,0.016
34.62,0.513,0.514,0.498,0.016
34.66,0.518,0.514,0.498,0.016
34.70,0.513,0.514,0.498,0.016
34.75,0.518,0.515,0.498,0.017
34.79,0.518,0.516,0.498,0.018
34.83,0.513,0.515,0.498,0.017
34.87,0.523,0.517,0.498,0.019
34.91,0.518,0.517,0.498,0.019
34.97,0.523,0.518,0.498,0.020
